-- =============================================
-- SEED DATA — Exécuter APRÈS schema.sql
-- Cash = TOUJOURS en EUR (même CTO)
-- FX Rate = USDEUR (combien d'EUR pour 1 USD)
-- =============================================

INSERT INTO people (id, name) VALUES
  ('11111111-1111-1111-1111-111111111111', 'Moi')
ON CONFLICT (name) DO NOTHING;

INSERT INTO accounts (id, person_id, type, currency, benchmark, total_invested, cash) VALUES
  ('aaaa0000-0000-0000-0000-000000000001', '11111111-1111-1111-1111-111111111111', 'PEA', 'EUR', 'CAC40', 16321, 113.95),
  ('aaaa0000-0000-0000-0000-000000000002', '11111111-1111-1111-1111-111111111111', 'CTO', 'USD', 'SP500', 12650, 1267.51)
ON CONFLICT (person_id, type) DO UPDATE SET
  total_invested = EXCLUDED.total_invested,
  cash = EXCLUDED.cash;

INSERT INTO holdings (account_id, ticker, label, shares) VALUES
  ('aaaa0000-0000-0000-0000-000000000001', 'ALGID.PA', 'Algidue', 2000),
  ('aaaa0000-0000-0000-0000-000000000001', 'ENGI.PA', 'Engie', 80),
  ('aaaa0000-0000-0000-0000-000000000001', 'TTE.PA', 'TotalEnergies', 60),
  ('aaaa0000-0000-0000-0000-000000000001', 'RNO.PA', 'Renault', 100),
  ('aaaa0000-0000-0000-0000-000000000001', 'FDJU.PA', 'FDJ United', 125),
  ('aaaa0000-0000-0000-0000-000000000001', 'VIE.PA', 'Veolia', 100),
  ('aaaa0000-0000-0000-0000-000000000001', 'EL.PA', 'EssilorLuxottica', 12),
  ('aaaa0000-0000-0000-0000-000000000001', 'ACA.PA', 'Crédit Agricole', 45),
  ('aaaa0000-0000-0000-0000-000000000002', 'ASTS', 'AST SpaceMobile', 13),
  ('aaaa0000-0000-0000-0000-000000000002', 'BB', 'BlackBerry', 150),
  ('aaaa0000-0000-0000-0000-000000000002', 'BBAI', 'BigBear.ai', 75),
  ('aaaa0000-0000-0000-0000-000000000002', 'BKSY', 'BlackSky Technology', 54),
  ('aaaa0000-0000-0000-0000-000000000002', 'BWXT', 'BWX Technologies', 4),
  ('aaaa0000-0000-0000-0000-000000000002', 'CLPT', 'ClearPoint Neuro', 55),
  ('aaaa0000-0000-0000-0000-000000000002', 'MP', 'MP Materials', 20),
  ('aaaa0000-0000-0000-0000-000000000002', 'NVTS', 'Navitas Semiconductor', 70),
  ('aaaa0000-0000-0000-0000-000000000002', 'PATH', 'UiPath', 50),
  ('aaaa0000-0000-0000-0000-000000000002', 'QCOM', 'Qualcomm', 4),
  ('aaaa0000-0000-0000-0000-000000000002', 'QS', 'QuantumScape', 128),
  ('aaaa0000-0000-0000-0000-000000000002', 'RDW', 'Redwire', 80),
  ('aaaa0000-0000-0000-0000-000000000002', 'RXRX', 'Recursion Pharma', 180),
  ('aaaa0000-0000-0000-0000-000000000002', 'VELO', 'Velo3D', 55),
  ('aaaa0000-0000-0000-0000-000000000002', 'AMZN', 'Amazon', 5)
ON CONFLICT (account_id, ticker) DO UPDATE SET shares = EXCLUDED.shares, label = EXCLUDED.label;

INSERT INTO holdings (account_id, ticker, label, shares) VALUES
  ('aaaa0000-0000-0000-0000-000000000001', 'AI.PA', 'Air Liquide', 0),
  ('aaaa0000-0000-0000-0000-000000000001', 'LWLD.PA', 'Lyxor World', 0),
  ('aaaa0000-0000-0000-0000-000000000001', 'MC.PA', 'LVMH', 0),
  ('aaaa0000-0000-0000-0000-000000000001', 'SOLB.BR', 'Solvay', 0),
  ('aaaa0000-0000-0000-0000-000000000001', 'CACC.PA', 'Crédit Agricole CIB', 0)
ON CONFLICT (account_id, ticker) DO UPDATE SET shares = EXCLUDED.shares;

INSERT INTO daily_snapshots (account_id, date, portfolio_value, index_value, cash, fx_rate, confirmed) VALUES
  ('aaaa0000-0000-0000-0000-000000000001', '2025-12-31', 18653.73, 18653.73, 597.53, 0.85126, true),
  ('aaaa0000-0000-0000-0000-000000000001', '2026-01-02', 19037.45, 18758.36, 597.53, 0.85103, true),
  ('aaaa0000-0000-0000-0000-000000000001', '2026-01-05', 19164.25, 18795.65, 597.53, 0.85103, true),
  ('aaaa0000-0000-0000-0000-000000000001', '2026-01-06', 19922.00, 18855.00, 597.53, 0.85436, true),
  ('aaaa0000-0000-0000-0000-000000000001', '2026-01-07', 19655.31, 18846.97, 597.53, 0.85556, true),
  ('aaaa0000-0000-0000-0000-000000000001', '2026-01-08', 19482.35, 18868.83, 597.53, 0.85750, true),
  ('aaaa0000-0000-0000-0000-000000000001', '2026-01-09', 19575.44, 19140.34, 648.53, 0.85920, true),
  ('aaaa0000-0000-0000-0000-000000000001', '2026-01-12', 19244.81, 19132.72, 648.53, 0.85680, true),
  ('aaaa0000-0000-0000-0000-000000000001', '2026-01-13', 19004.13, 19106.26, 4628.73, 0.85860, true),
  ('aaaa0000-0000-0000-0000-000000000001', '2026-01-14', 19061.83, 19069.11, 4628.73, 0.85850, true),
  ('aaaa0000-0000-0000-0000-000000000001', '2026-01-15', 19104.92, 19028.25, 2841.83, 0.86160, true),
  ('aaaa0000-0000-0000-0000-000000000001', '2026-01-16', 18980.65, 18904.24, 2841.83, 0.86180, true),
  ('aaaa0000-0000-0000-0000-000000000001', '2026-01-19', 19116.19, 18567.95, 2841.83, 0.85820, true),
  ('aaaa0000-0000-0000-0000-000000000001', '2026-01-20', 19009.18, 18454.78, 242.14, 0.85920, true),
  ('aaaa0000-0000-0000-0000-000000000001', '2026-01-21', 19183.51, 18469.86, 242.14, 0.85270, true),
  ('aaaa0000-0000-0000-0000-000000000001', '2026-01-22', 19267.81, 18652.34, 242.14, 0.85670, true),
  ('aaaa0000-0000-0000-0000-000000000001', '2026-01-23', 19312.91, 18638.97, 242.14, 0.85070, true),
  ('aaaa0000-0000-0000-0000-000000000001', '2026-01-26', 19304.78, 18611.73, 242.14, 0.84330, true),
  ('aaaa0000-0000-0000-0000-000000000001', '2026-01-27', 19191.35, 18661.33, 242.14, 0.84200, true),
  ('aaaa0000-0000-0000-0000-000000000001', '2026-01-28', 19131.71, 18464.16, 242.14, 0.83210, true),
  ('aaaa0000-0000-0000-0000-000000000001', '2026-01-29', 19164.01, 18474.88, 242.14, 0.83490, true),
  ('aaaa0000-0000-0000-0000-000000000001', '2026-01-30', 19203.06, 18601.16, 242.14, 0.83570, true),
  ('aaaa0000-0000-0000-0000-000000000001', '2026-02-02', 19281.17, 18726.23, 242.14, 0.84390, true),
  ('aaaa0000-0000-0000-0000-000000000001', '2026-02-03', 19229.31, 18722.40, 242.14, 0.84550, true),
  ('aaaa0000-0000-0000-0000-000000000001', '2026-02-04', 19601.31, 18911.61, 242.14, 0.84630, true),
  ('aaaa0000-0000-0000-0000-000000000001', '2026-02-05', 19324.92, 18856.69, 242.14, 0.84730, true),
  ('aaaa0000-0000-0000-0000-000000000001', '2026-02-06', 19919.79, 19438.34, 600.74, 0.84900, true),
  ('aaaa0000-0000-0000-0000-000000000001', '2026-02-09', 20107.29, 19554.50, 600.74, 0.84560, true),
  ('aaaa0000-0000-0000-0000-000000000001', '2026-02-10', 20191.15, 19565.30, 600.74, 0.84000, true),
  ('aaaa0000-0000-0000-0000-000000000001', '2026-02-11', 20266.46, 19530.91, 600.74, 0.84110, true),
  ('aaaa0000-0000-0000-0000-000000000001', '2026-02-12', 20354.92, 19595.09, 600.74, 0.84200, true),
  ('aaaa0000-0000-0000-0000-000000000001', '2026-02-13', 20365.75, 19527.38, 600.74, 0.84260, true),
  ('aaaa0000-0000-0000-0000-000000000001', '2026-02-16', 20185.02, 19538.57, 600.74, 0.84260, true),
  ('aaaa0000-0000-0000-0000-000000000001', '2026-02-17', 20197.38, 19644.19, 24.74, 0.84390, true),
  ('aaaa0000-0000-0000-0000-000000000001', '2026-02-18', 20511.22, 19802.94, 24.74, 0.84380, true),
  ('aaaa0000-0000-0000-0000-000000000001', '2026-02-19', 20612.24, 19731.87, 24.74, 0.84830, true),
  ('aaaa0000-0000-0000-0000-000000000001', '2026-02-20', 20587.22, 20006.07, 24.74, 0.84970, true),
  ('aaaa0000-0000-0000-0000-000000000001', '2026-02-23', 20426.35, 19963.03, 24.74, 0.84500, true),
  ('aaaa0000-0000-0000-0000-000000000001', '2026-02-24', 20682.26, 20014.81, 24.74, 0.84790, true),
  ('aaaa0000-0000-0000-0000-000000000001', '2026-02-25', 20917.67, 20608.45, 24.74, 0.84920, true),
  ('aaaa0000-0000-0000-0000-000000000001', '2026-02-26', 21676.93, 20757.40, 7023.53, 0.84640, true),
  ('aaaa0000-0000-0000-0000-000000000001', '2026-02-27', 21521.23, 20660.65, 7023.53, 0.84720, true),
  ('aaaa0000-0000-0000-0000-000000000001', '2026-03-02', 21794.63, 20211.77, 7023.53, 0.85040, true),
  ('aaaa0000-0000-0000-0000-000000000001', '2026-03-03', 21952.33, 19512.35, 7023.53, 0.85490, true),
  ('aaaa0000-0000-0000-0000-000000000001', '2026-03-04', 21609.43, 19666.19, 7023.53, 0.86120, true),
  ('aaaa0000-0000-0000-0000-000000000001', '2026-03-05', 21148.53, 19372.61, 163.00, 0.85940, true),
  ('aaaa0000-0000-0000-0000-000000000001', '2026-03-06', 21065.50, 19246.66, 113.95, 0.86150, true),
  ('aaaa0000-0000-0000-0000-000000000001', '2026-03-09', 20945.10, 19058.53, 6050.95, 0.86780, true),
  ('aaaa0000-0000-0000-0000-000000000001', '2026-03-10', 21096.38, 19400.44, 113.95, 0.86080, true),
  ('aaaa0000-0000-0000-0000-000000000001', '2026-03-11', 21236.40, 19363.00, 113.95, 0.86120, true),
  ('aaaa0000-0000-0000-0000-000000000001', '2026-03-12', 21246.80, 19224.86, 113.95, 0.86630, true),
  ('aaaa0000-0000-0000-0000-000000000001', '2026-03-13', 21187.47, 19049.31, 113.95, 0.86790, true),
  ('aaaa0000-0000-0000-0000-000000000001', '2026-03-16', 21062.70, 19108.16, 113.95, 0.87450, true),
  ('aaaa0000-0000-0000-0000-000000000001', '2026-03-17', 21249.33, 19200.91, 113.95, 0.86640, true)
ON CONFLICT (account_id, date) DO UPDATE SET portfolio_value=EXCLUDED.portfolio_value, index_value=EXCLUDED.index_value, cash=EXCLUDED.cash, fx_rate=EXCLUDED.fx_rate, confirmed=true;

INSERT INTO daily_snapshots (account_id, date, portfolio_value, index_value, cash, fx_rate, confirmed) VALUES
  ('aaaa0000-0000-0000-0000-000000000002', '2025-12-31', 10838.98, 10838.98, 14.87, 0.85126, true),
  ('aaaa0000-0000-0000-0000-000000000002', '2026-01-02', 11711.81, 10859.51, 14.87, 0.85103, true),
  ('aaaa0000-0000-0000-0000-000000000002', '2026-01-05', 12217.42, 10928.52, 14.87, 0.85103, true),
  ('aaaa0000-0000-0000-0000-000000000002', '2026-01-06', 12979.37, 10996.24, 14.87, 0.85436, true),
  ('aaaa0000-0000-0000-0000-000000000002', '2026-01-07', 12715.61, 10958.41, 14.87, 0.85556, true),
  ('aaaa0000-0000-0000-0000-000000000002', '2026-01-08', 12867.62, 10959.25, 14.87, 0.85750, true),
  ('aaaa0000-0000-0000-0000-000000000002', '2026-01-09', 12985.34, 11030.22, 14.87, 0.85920, true),
  ('aaaa0000-0000-0000-0000-000000000002', '2026-01-12', 13375.54, 11047.62, 14.87, 0.85680, true),
  ('aaaa0000-0000-0000-0000-000000000002', '2026-01-13', 12805.94, 11026.20, 14.87, 0.85860, true),
  ('aaaa0000-0000-0000-0000-000000000002', '2026-01-14', 13106.80, 10967.39, 14.87, 0.85850, true),
  ('aaaa0000-0000-0000-0000-000000000002', '2026-01-15', 12989.21, 10995.68, 14.87, 0.86160, true),
  ('aaaa0000-0000-0000-0000-000000000002', '2026-01-16', 13542.07, 10988.62, 14.87, 0.86180, true),
  ('aaaa0000-0000-0000-0000-000000000002', '2026-01-19', 13542.15, 10988.62, 14.87, 0.85820, true),
  ('aaaa0000-0000-0000-0000-000000000002', '2026-01-20', 12968.06, 10761.96, 14.87, 0.85920, true),
  ('aaaa0000-0000-0000-0000-000000000002', '2026-01-21', 12655.00, 10886.67, 14.87, 0.85270, true),
  ('aaaa0000-0000-0000-0000-000000000002', '2026-01-22', 13380.17, 10946.41, 14.87, 0.85670, true),
  ('aaaa0000-0000-0000-0000-000000000002', '2026-01-23', 13132.72, 10949.99, 14.87, 0.85070, true),
  ('aaaa0000-0000-0000-0000-000000000002', '2026-01-26', 12266.48, 11004.80, 14.87, 0.84330, true),
  ('aaaa0000-0000-0000-0000-000000000002', '2026-01-27', 12955.73, 11049.73, 14.87, 0.84200, true),
  ('aaaa0000-0000-0000-0000-000000000002', '2026-01-28', 13131.67, 11048.82, 14.87, 0.83210, true),
  ('aaaa0000-0000-0000-0000-000000000002', '2026-01-29', 12498.90, 11034.54, 14.87, 0.83490, true),
  ('aaaa0000-0000-0000-0000-000000000002', '2026-01-30', 11664.88, 10987.07, 14.87, 0.83570, true),
  ('aaaa0000-0000-0000-0000-000000000002', '2026-02-02', 11427.69, 11046.30, 14.87, 0.84390, true),
  ('aaaa0000-0000-0000-0000-000000000002', '2026-02-03', 12029.64, 10953.47, 14.87, 0.84550, true),
  ('aaaa0000-0000-0000-0000-000000000002', '2026-02-04', 11122.11, 10897.91, 14.87, 0.84630, true),
  ('aaaa0000-0000-0000-0000-000000000002', '2026-02-05', 10433.38, 10764.40, 14.87, 0.84730, true),
  ('aaaa0000-0000-0000-0000-000000000002', '2026-02-06', 11989.69, 11475.41, 514.87, 0.84900, true),
  ('aaaa0000-0000-0000-0000-000000000002', '2026-02-09', 12302.56, 11575.60, 514.87, 0.84560, true),
  ('aaaa0000-0000-0000-0000-000000000002', '2026-02-10', 11907.14, 11614.28, 514.87, 0.84000, true),
  ('aaaa0000-0000-0000-0000-000000000002', '2026-02-11', 11581.70, 11598.52, 514.87, 0.84110, true),
  ('aaaa0000-0000-0000-0000-000000000002', '2026-02-12', 10841.91, 11404.67, 514.87, 0.84200, true),
  ('aaaa0000-0000-0000-0000-000000000002', '2026-02-13', 10959.44, 11402.24, 514.87, 0.84260, true),
  ('aaaa0000-0000-0000-0000-000000000002', '2026-02-16', 10959.44, 11402.24, 514.87, 0.84260, true),
  ('aaaa0000-0000-0000-0000-000000000002', '2026-02-17', 10733.88, 11396.41, 514.87, 0.84390, true),
  ('aaaa0000-0000-0000-0000-000000000002', '2026-02-18', 10879.85, 11461.21, 514.87, 0.84380, true),
  ('aaaa0000-0000-0000-0000-000000000002', '2026-02-19', 11043.14, 11368.23, 514.87, 0.84830, true),
  ('aaaa0000-0000-0000-0000-000000000002', '2026-02-20', 10536.18, 11428.27, 514.87, 0.84970, true),
  ('aaaa0000-0000-0000-0000-000000000002', '2026-02-23', 10546.68, 11372.48, 514.87, 0.84500, true),
  ('aaaa0000-0000-0000-0000-000000000002', '2026-02-24', 10776.90, 11420.30, 514.87, 0.84790, true),
  ('aaaa0000-0000-0000-0000-000000000002', '2026-02-25', 11577.07, 12012.46, 117.51, 0.84920, true),
  ('aaaa0000-0000-0000-0000-000000000002', '2026-02-26', 11784.23, 11948.00, 117.51, 0.84640, true),
  ('aaaa0000-0000-0000-0000-000000000002', '2026-02-27', 11302.04, 11896.16, 117.51, 0.84720, true),
  ('aaaa0000-0000-0000-0000-000000000002', '2026-03-02', 11690.30, 11900.90, 117.51, 0.85040, true),
  ('aaaa0000-0000-0000-0000-000000000002', '2026-03-03', 11516.98, 11788.50, 117.51, 0.85490, true),
  ('aaaa0000-0000-0000-0000-000000000002', '2026-03-04', 11971.90, 11879.94, 117.51, 0.86120, true),
  ('aaaa0000-0000-0000-0000-000000000002', '2026-03-05', 11723.09, 11812.85, 117.51, 0.85940, true),
  ('aaaa0000-0000-0000-0000-000000000002', '2026-03-06', 11515.17, 11656.02, 117.51, 0.86150, true),
  ('aaaa0000-0000-0000-0000-000000000002', '2026-03-09', 11877.95, 11752.81, 117.51, 0.86780, true),
  ('aaaa0000-0000-0000-0000-000000000002', '2026-03-10', 11741.47, 11727.72, 117.51, 0.86080, true),
  ('aaaa0000-0000-0000-0000-000000000002', '2026-03-11', 12082.95, 11717.89, 117.51, 0.86120, true),
  ('aaaa0000-0000-0000-0000-000000000002', '2026-03-12', 11928.07, 11539.46, 117.51, 0.86630, true),
  ('aaaa0000-0000-0000-0000-000000000002', '2026-03-13', 11707.88, 11469.54, 117.51, 0.86790, true),
  ('aaaa0000-0000-0000-0000-000000000002', '2026-03-16', 13252.25, 12900.77, 1267.51, 0.87450, true),
  ('aaaa0000-0000-0000-0000-000000000002', '2026-03-17', 13607.67, 12932.95, 1267.51, 0.86640, true)
ON CONFLICT (account_id, date) DO UPDATE SET portfolio_value=EXCLUDED.portfolio_value, index_value=EXCLUDED.index_value, cash=EXCLUDED.cash, fx_rate=EXCLUDED.fx_rate, confirmed=true;

INSERT INTO cash_movements (account_id, date, amount, description) VALUES
  ('aaaa0000-0000-0000-0000-000000000001', '2026-02-02', 500, 'Dépôt PEA février 1'),
  ('aaaa0000-0000-0000-0000-000000000001', '2026-02-26', 500, 'Dépôt PEA février 2'),
  ('aaaa0000-0000-0000-0000-000000000002', '2026-02-25', 500, 'Dépôt CTO février'),
  ('aaaa0000-0000-0000-0000-000000000002', '2026-03-17', 1150, 'Dépôt CTO mars');
